{
  "Update Booking" : {
    "transaction" : "Update Booking",
    "sampleCount" : 2500,
    "errorCount" : 6,
    "errorPct" : 0.24,
    "meanResTime" : 370.573199999999,
    "medianResTime" : 308.0,
    "minResTime" : 256.0,
    "maxResTime" : 4617.0,
    "pct1ResTime" : 450.8000000000002,
    "pct2ResTime" : 668.8499999999995,
    "pct3ResTime" : 1581.9799999999996,
    "throughput" : 5.005195392817745,
    "receivedKBytesPerSec" : 4.503659173221804,
    "sentKBytesPerSec" : 2.394207843992064
  },
  "Update with Patch" : {
    "transaction" : "Update with Patch",
    "sampleCount" : 2500,
    "errorCount" : 7,
    "errorPct" : 0.28,
    "meanResTime" : 365.6151999999992,
    "medianResTime" : 308.0,
    "minResTime" : 255.0,
    "maxResTime" : 4591.0,
    "pct1ResTime" : 429.9000000000001,
    "pct2ResTime" : 682.3999999999978,
    "pct3ResTime" : 1531.8299999999963,
    "throughput" : 5.005085166529193,
    "receivedKBytesPerSec" : 4.498490388109319,
    "sentKBytesPerSec" : 1.4263749782278794
  },
  "Delete Booking" : {
    "transaction" : "Delete Booking",
    "sampleCount" : 2500,
    "errorCount" : 9,
    "errorPct" : 0.36,
    "meanResTime" : 362.7815999999999,
    "medianResTime" : 308.0,
    "minResTime" : 257.0,
    "maxResTime" : 4546.0,
    "pct1ResTime" : 418.9000000000001,
    "pct2ResTime" : 658.8999999999996,
    "pct3ResTime" : 1479.9899999999998,
    "throughput" : 5.00545594698221,
    "receivedKBytesPerSec" : 3.684547406673274,
    "sentKBytesPerSec" : 2.4041087597981803
  },
  "Health Check" : {
    "transaction" : "Health Check",
    "sampleCount" : 2500,
    "errorCount" : 0,
    "errorPct" : 0.0,
    "meanResTime" : 696.858799999999,
    "medianResTime" : 604.0,
    "minResTime" : 499.0,
    "maxResTime" : 5028.0,
    "pct1ResTime" : 870.0,
    "pct2ResTime" : 1314.5999999999985,
    "pct3ResTime" : 2248.5699999999906,
    "throughput" : 4.9988202784142945,
    "receivedKBytesPerSec" : 3.6804439152360042,
    "sentKBytesPerSec" : 0.6541424973706206
  },
  "Total" : {
    "transaction" : "Total",
    "sampleCount" : 17500,
    "errorCount" : 24,
    "errorPct" : 0.13714285,
    "meanResTime" : 414.8234857142859,
    "medianResTime" : 314.0,
    "minResTime" : 253.0,
    "maxResTime" : 6330.0,
    "pct1ResTime" : 634.0,
    "pct2ResTime" : 870.9500000000007,
    "pct3ResTime" : 1657.9800000000032,
    "throughput" : 34.86090498909351,
    "receivedKBytesPerSec" : 29.145278697372483,
    "sentKBytesPerSec" : 11.231063058396996
  },
  "Create Booking" : {
    "transaction" : "Create Booking",
    "sampleCount" : 2500,
    "errorCount" : 0,
    "errorPct" : 0.0,
    "meanResTime" : 369.12160000000057,
    "medianResTime" : 306.0,
    "minResTime" : 255.0,
    "maxResTime" : 6330.0,
    "pct1ResTime" : 443.60000000000036,
    "pct2ResTime" : 710.8999999999996,
    "pct3ResTime" : 1582.9399999999987,
    "throughput" : 5.0044339284606165,
    "receivedKBytesPerSec" : 4.63159187164828,
    "sentKBytesPerSec" : 2.2089884137345686
  },
  "Create Booking Token" : {
    "transaction" : "Create Booking Token",
    "sampleCount" : 2500,
    "errorCount" : 0,
    "errorPct" : 0.0,
    "meanResTime" : 371.03920000000005,
    "medianResTime" : 303.0,
    "minResTime" : 253.0,
    "maxResTime" : 4611.0,
    "pct1ResTime" : 458.8000000000002,
    "pct2ResTime" : 831.5999999999949,
    "pct3ResTime" : 1587.9699999999993,
    "throughput" : 5.0043237357076515,
    "receivedKBytesPerSec" : 3.7966553101880027,
    "sentKBytesPerSec" : 1.285290178213977
  },
  "Get Booking" : {
    "transaction" : "Get Booking",
    "sampleCount" : 2500,
    "errorCount" : 2,
    "errorPct" : 0.08,
    "meanResTime" : 367.7748000000009,
    "medianResTime" : 304.0,
    "minResTime" : 255.0,
    "maxResTime" : 6318.0,
    "pct1ResTime" : 433.9000000000001,
    "pct2ResTime" : 709.9499999999998,
    "pct3ResTime" : 1554.8899999999976,
    "throughput" : 5.004383840244054,
    "receivedKBytesPerSec" : 4.489890175043338,
    "sentKBytesPerSec" : 0.9130302832781516
  }
}