{
  "Update Booking" : {
    "transaction" : "Update Booking",
    "sampleCount" : 1400,
    "errorCount" : 0,
    "errorPct" : 0.0,
    "meanResTime" : 516.302857142856,
    "medianResTime" : 332.0,
    "minResTime" : 264.0,
    "maxResTime" : 5297.0,
    "pct1ResTime" : 988.5000000000005,
    "pct2ResTime" : 1893.9500000000019,
    "pct3ResTime" : 2584.8100000000004,
    "throughput" : 4.887295475411667,
    "receivedKBytesPerSec" : 4.400625028363769,
    "sentKBytesPerSec" : 2.337685880865191
  },
  "Update with Patch" : {
    "transaction" : "Update with Patch",
    "sampleCount" : 1400,
    "errorCount" : 0,
    "errorPct" : 0.0,
    "meanResTime" : 484.314285714286,
    "medianResTime" : 328.0,
    "minResTime" : 265.0,
    "maxResTime" : 4011.0,
    "pct1ResTime" : 838.9000000000001,
    "pct2ResTime" : 1673.2000000000016,
    "pct3ResTime" : 2472.0,
    "throughput" : 4.887722042229918,
    "receivedKBytesPerSec" : 4.395594984149815,
    "sentKBytesPerSec" : 1.3928030365845994
  },
  "Delete Booking" : {
    "transaction" : "Delete Booking",
    "sampleCount" : 1400,
    "errorCount" : 0,
    "errorPct" : 0.0,
    "meanResTime" : 465.73428571428644,
    "medianResTime" : 329.0,
    "minResTime" : 268.0,
    "maxResTime" : 5379.0,
    "pct1ResTime" : 663.900000000001,
    "pct2ResTime" : 1305.5500000000004,
    "pct3ResTime" : 2496.9300000000003,
    "throughput" : 4.888268156424581,
    "receivedKBytesPerSec" : 3.598591895076816,
    "sentKBytesPerSec" : 2.347698531337291
  },
  "Health Check" : {
    "transaction" : "Health Check",
    "sampleCount" : 1400,
    "errorCount" : 0,
    "errorPct" : 0.0,
    "meanResTime" : 1102.098571428574,
    "medianResTime" : 686.0,
    "minResTime" : 538.0,
    "maxResTime" : 7872.0,
    "pct1ResTime" : 2365.900000000001,
    "pct2ResTime" : 2951.1500000000005,
    "pct3ResTime" : 6143.580000000002,
    "throughput" : 4.9605635200158735,
    "receivedKBytesPerSec" : 3.6526024356366884,
    "sentKBytesPerSec" : 0.6491362418770772
  },
  "Total" : {
    "transaction" : "Total",
    "sampleCount" : 9800,
    "errorCount" : 0,
    "errorPct" : 0.0,
    "meanResTime" : 612.0496938775498,
    "medianResTime" : 339.0,
    "minResTime" : 257.0,
    "maxResTime" : 7872.0,
    "pct1ResTime" : 1224.7999999999993,
    "pct2ResTime" : 2153.0,
    "pct3ResTime" : 3860.99,
    "throughput" : 33.87416783613199,
    "receivedKBytesPerSec" : 28.329007877904367,
    "sentKBytesPerSec" : 10.912672265697912
  },
  "Create Booking" : {
    "transaction" : "Create Booking",
    "sampleCount" : 1400,
    "errorCount" : 0,
    "errorPct" : 0.0,
    "meanResTime" : 576.4607142857146,
    "medianResTime" : 334.0,
    "minResTime" : 258.0,
    "maxResTime" : 5370.0,
    "pct1ResTime" : 1255.1000000000017,
    "pct2ResTime" : 2176.4500000000007,
    "pct3ResTime" : 2905.1900000000014,
    "throughput" : 4.911780906504251,
    "receivedKBytesPerSec" : 4.54617254954759,
    "sentKBytesPerSec" : 2.168090790761642
  },
  "Create Booking Token" : {
    "transaction" : "Create Booking Token",
    "sampleCount" : 1400,
    "errorCount" : 0,
    "errorPct" : 0.0,
    "meanResTime" : 605.1235714285716,
    "medianResTime" : 332.0,
    "minResTime" : 270.0,
    "maxResTime" : 5378.0,
    "pct1ResTime" : 1536.9000000000028,
    "pct2ResTime" : 2215.3000000000006,
    "pct3ResTime" : 3863.96,
    "throughput" : 4.9364432926076764,
    "receivedKBytesPerSec" : 3.7462287997390735,
    "sentKBytesPerSec" : 1.2678560409724793
  },
  "Get Booking" : {
    "transaction" : "Get Booking",
    "sampleCount" : 1400,
    "errorCount" : 0,
    "errorPct" : 0.0,
    "meanResTime" : 534.3135714285709,
    "medianResTime" : 329.0,
    "minResTime" : 257.0,
    "maxResTime" : 5297.0,
    "pct1ResTime" : 1101.4000000000005,
    "pct2ResTime" : 1957.8500000000001,
    "pct3ResTime" : 2535.98,
    "throughput" : 4.909696650885499,
    "receivedKBytesPerSec" : 4.406055475188498,
    "sentKBytesPerSec" : 0.8956292192705594
  }
}